{
	"tempHash": "00ECDCEA4DE37F93",
	"tbluHash": "008B70FF2C58388A",
	"rootEntity": "cafe099752f99e2c",
	"entities": {
		"cafe099752f99e2c": {
			"parent": null,
			"name": "SimpleKeyEventHelper",
			"factory": "[modules:/zentity.class].pc_entitytype",
			"blueprint": "[modules:/zentity.class].pc_entityblueprint",
			"inputCopying": { "Enable": { "Enable": ["cafe457f1b485c64"] }, "Disable": { "Disable": ["cafe457f1b485c64"] } },
			"propertyAliases": {
				"m_pDataProvider": [{ "originalProperty": "m_pDataProvider", "originalEntity": "cafe457f1b485c64" }],
				"m_bEnabled": [{ "originalProperty": "m_bEnabled", "originalEntity": "cafe457f1b485c64" }],
				"m_sModifierKeyName": [{ "originalProperty": "m_sModifierKeyName", "originalEntity": "cafe457f1b485c64" }],
				"m_sKeyName": [{ "originalProperty": "m_sKeyName", "originalEntity": "cafe457f1b485c64" }]
			},
			"exposedInterfaces": {
				"IUIControlEntity": "cafe457f1b485c64",
				"ZUIDataProvider": "cafe457f1b485c64",
				"ZUIControlEntity": "cafe457f1b485c64"
			}
		},
		"cafe457f1b485c64": {
			"parent": "cafe099752f99e2c",
			"name": "SimpleKeyEventHelper",
			"factory": "[assembly:/ui/controls/SimpleKeyEventHelper.swf?/simplekeyeventhelper.SimpleKeyEventHelper.uic].pc_entitytype",
			"blueprint": "[assembly:/ui/controls/SimpleKeyEventHelper.swf?/simplekeyeventhelper.SimpleKeyEventHelper.uic].pc_entityblueprint",
			"properties": {
				"m_pMovieResource": {
					"type": "ZRuntimeResourceID",
					"value": { "resource": "[assembly:/ui/controls/SimpleKeyEventHelper.swf].pc_swf", "flag": "5F" }
				},
				"m_sClassName": { "type": "ZString", "value": "simplekeyeventhelper.SimpleKeyEventHelper" },
				"m_pDataProvider": { "type": "SEntityTemplateReference", "value": null },
				"m_bEnabled": { "type": "bool", "value": true },
				"m_sModifierKeyName": { "type": "ZString", "value": "None" },
				"m_sKeyName": { "type": "ZString", "value": "" }
			},
			"events": {
				"onFocusAdded": { "SetTrue": ["cafea42ab80074e5"] },
				"onFocusRemoved": { "SetFalse": ["cafea42ab80074e5"] }
			},
			"outputCopying": {
				"Pressed": { "Pressed": ["cafe099752f99e2c"] },
				"Down": { "Down": ["cafe099752f99e2c"] },
				"Up": { "Up": ["cafe099752f99e2c"] }
			}
		},
		"cafe75e5f2cf5840": {
			"parent": "cafe099752f99e2c",
			"name": "ControlTree",
			"factory": "[modules:/zuicontroltreeentity.class].pc_entitytype",
			"blueprint": "[modules:/zuicontroltreeentity.class].pc_entityblueprint",
			"properties": { "m_pRootControlEntity": { "type": "SEntityTemplateReference", "value": "cafe457f1b485c64" } }
		},
		"cafe9eba71ce2ad7": {
			"parent": "cafe099752f99e2c",
			"name": "MenuCondition",
			"factory": "[modules:/zmenucondition.class].pc_entitytype",
			"blueprint": "[modules:/zmenucondition.class].pc_entityblueprint",
			"properties": { "m_bAnyPausingMenu": { "type": "bool", "value": true } }
		},
		"cafea42ab80074e5": {
			"parent": "cafe099752f99e2c",
			"name": "Has focus",
			"factory": "[assembly:/_pro/design/logic/valuebool.template?/valuebool_basic.entitytemplate].pc_entitytype",
			"blueprint": "[assembly:/_pro/design/logic/valuebool.template?/valuebool_basic.entitytemplate].pc_entityblueprint",
			"properties": { "m_bValue": { "type": "bool", "value": false } }
		},
		"cafe7b048464ae75": {
			"parent": "cafe099752f99e2c",
			"name": "ValueBool_Operation",
			"factory": "[assembly:/_pro/design/logic/valuebool.template?/valuebool_operation.entitytemplate].pc_entitytype",
			"blueprint": "[assembly:/_pro/design/logic/valuebool.template?/valuebool_operation.entitytemplate].pc_entityblueprint",
			"properties": {
				"m_aValues": {
					"type": "TArray<SEntityTemplateReference>",
					"value": ["cafe311535ba0dbc", "cafe1e0d0d098557"]
				},
				"m_eEvaluation": { "type": "ZValueBool_Operation_Signal.EEvaluationType", "value": "ALL" }
			},
			"events": { "OnTrue": { "SetFocus": ["cafe457f1b485c64"] } }
		},
		"cafe311535ba0dbc": {
			"parent": "cafea42ab80074e5",
			"name": "Has lost focus",
			"factory": "[modules:/zinvertedcondition.class].pc_entitytype",
			"blueprint": "[modules:/zinvertedcondition.class].pc_entityblueprint",
			"properties": { "m_rCondition": { "type": "SEntityTemplateReference", "value": "cafea42ab80074e5" } }
		},
		"cafe1e0d0d098557": {
			"parent": "cafe9eba71ce2ad7",
			"name": "Has unpaused",
			"factory": "[modules:/zinvertedcondition.class].pc_entitytype",
			"blueprint": "[modules:/zinvertedcondition.class].pc_entityblueprint",
			"properties": { "m_rCondition": { "type": "SEntityTemplateReference", "value": "cafe9eba71ce2ad7" } }
		}
	},
	"propertyOverrides": [],
	"overrideDeletes": [],
	"pinConnectionOverrides": [],
	"pinConnectionOverrideDeletes": [],
	"externalScenes": [],
	"subType": "template",
	"quickEntityVersion": 3.1,
	"extraFactoryDependencies": [],
	"extraBlueprintDependencies": [],
	"comments": []
}
