{"tempHash":"005E23E4768F1803","tbluHash":"005B7E795C023A76","patch":[{"op":"replace","path":"/entities/3a2ea7ac8ac44026/events/0/onEntity","value":"70c919d736f3239"},{"op":"replace","path":"/entities/3a2ea7ac8ac44026/events/1/onEvent","value":"WrongCode"},{"op":"replace","path":"/entities/3a2ea7ac8ac44026/events/1/shouldTrigger","value":"Play_Unique_Disactivate_Device_Event"},{"op":"add","path":"/entities/3a2ea7ac8ac44026/events/2","value":{"onEvent":"WrongCode","shouldTrigger":"SetFalse","onEntity":"ea20b4f290914641"}},{"op":"add","path":"/entities/3a2ea7ac8ac44026/events/3","value":{"onEvent":"WrongCode","shouldTrigger":"Send","onEntity":"f596e77dd1727916"}},{"op":"remove","path":"/entities/3a2ea7ac8ac44026/events/6"},{"op":"remove","path":"/entities/3a2ea7ac8ac44026/events/6"},{"op":"replace","path":"/entities/3a2ea7ac8ac44026/outputCopying/1/propagateEvent","value":"Unlock"}],"patchVersion":4}