{"tempHash":"00DDCC74AD917CAA","tbluHash":"003321F66074B4AB","patch":[{"op":"add","path":"/entities/abcda31e1bf3bd66","value":{"parent":"594561be5ddfb63","name":"TimerSimple_NPCGuardLight","template":"[assembly:/_pro/design/logic.template?/timersimple.entitytemplate].pc_entitytype","blueprint":"[assembly:/_pro/design/logic.template?/timersimple.entitytemplate].pc_entityblueprint","properties":{"Delay time (ms)":{"type":"int32","value":2000}},"postInitProperties":{},"editorOnly":false,"platformSpecificPropertyValues":[],"events":[{"onEvent":"Out","shouldTrigger":"Get","onEntity":"abcdaaeca74ebb42"}]}},{"op":"add","path":"/entities/abcdaaeca74ebb42","value":{"parent":"594561be5ddfb63","name":"ActorKeywordCondition_NPCGuardLightWasShot","template":"[modules:/zactorkeywordcondition.class].pc_entitytype","blueprint":"[modules:/zactorkeywordcondition.class].pc_entityblueprint","properties":{"m_bUseInventory":{"type":"bool","value":false},"m_bUseItems":{"type":"bool","value":false},"m_bSubscribeToKeywordChanges":{"type":"bool","value":false},"m_rActor":{"type":"SEntityTemplateReference","value":"594561be5ddfb63"}},"postInitProperties":{"m_rRequirements":{"type":"SEntityTemplateReference","value":"abcd85794c2234e4"}},"editorOnly":false,"platformSpecificPropertyValues":[],"events":[{"onEvent":"OnFalse","shouldTrigger":"In","onEntity":"abcda31e1bf3bd66"},{"onEvent":"OnTrue","shouldTrigger":"In","onEntity":"abcdec3b968dfdd7"}]}},{"op":"add","path":"/entities/abcd451cd2ad0f8b","value":{"parent":"594561be5ddfb63","name":"Trigger","template":"[modules:/zgameeventlistenerentity.class].pc_entitytype","blueprint":"[modules:/zgameeventlistenerentity.class].pc_entityblueprint","properties":{"m_eEvent":{"type":"EGameEventType","value":"GET_IntroCutEnd"}},"postInitProperties":{},"editorOnly":false,"platformSpecificPropertyValues":[],"events":[{"onEvent":"EventOccurred","shouldTrigger":"Get","onEntity":"abcdf5390dbe3a60"}]}},{"op":"add","path":"/entities/abcd0cf27c794ff0","value":{"parent":"594561be5ddfb63","name":"VRI_Guard_Limping_Pistol","template":"[assembly:/_pro/design/actor/animvariation.template?/vri_guard_limping_pistol.entitytemplate].pc_entitytype","blueprint":"[assembly:/_pro/design/actor/animvariation.template?/vri_guard_limping_pistol.entitytemplate].pc_entityblueprint","properties":{},"postInitProperties":{"m_rActor":{"type":"SEntityTemplateReference","value":"594561be5ddfb63"}},"editorOnly":false,"platformSpecificPropertyValues":[]}},{"op":"add","path":"/entities/abcd59db9efe207c","value":{"parent":"594561be5ddfb63","name":"VRI_Male_Limping","template":"[assembly:/_pro/design/actor/animvariation.template?/vri_male_limping.entitytemplate].pc_entitytype","blueprint":"[assembly:/_pro/design/actor/animvariation.template?/vri_male_limping.entitytemplate].pc_entityblueprint","properties":{"m_rActor":{"type":"SEntityTemplateReference","value":"594561be5ddfb63"}},"postInitProperties":{},"editorOnly":false,"platformSpecificPropertyValues":[]}},{"op":"add","path":"/entities/abcd21f1917ca4ba","value":{"parent":"594561be5ddfb63","name":"ActorKeywordCondition_GuardLight","template":"[modules:/zactorkeywordcondition.class].pc_entitytype","blueprint":"[modules:/zactorkeywordcondition.class].pc_entityblueprint","properties":{"m_bUseInventory":{"type":"bool","value":false},"m_bUseItems":{"type":"bool","value":false},"m_bSubscribeToKeywordChanges":{"type":"bool","value":false},"m_rActor":{"type":"SEntityTemplateReference","value":"594561be5ddfb63"}},"postInitProperties":{"m_rRequirements":{"type":"SEntityTemplateReference","value":"abcdddcc601f6b33"}},"editorOnly":false,"platformSpecificPropertyValues":[],"events":[{"onEvent":"OnFalse","shouldTrigger":"In","onEntity":"abcd7727f462a657"},{"onEvent":"OnTrue","shouldTrigger":"In","onEntity":"abcda31e1bf3bd66"}]}},{"op":"add","path":"/entities/abcdf5390dbe3a60","value":{"parent":"594561be5ddfb63","name":"ActorKeywordCondition_GuardHeavy","template":"[modules:/zactorkeywordcondition.class].pc_entitytype","blueprint":"[modules:/zactorkeywordcondition.class].pc_entityblueprint","properties":{"m_bUseInventory":{"type":"bool","value":false},"m_bUseItems":{"type":"bool","value":false},"m_bSubscribeToKeywordChanges":{"type":"bool","value":false},"m_rActor":{"type":"SEntityTemplateReference","value":"594561be5ddfb63"}},"postInitProperties":{"m_rRequirements":{"type":"SEntityTemplateReference","value":"abcd00d52d0d19ea"}},"editorOnly":false,"platformSpecificPropertyValues":[],"events":[{"onEvent":"OnFalse","shouldTrigger":"Get","onEntity":"abcd21f1917ca4ba"},{"onEvent":"OnTrue","shouldTrigger":"In","onEntity":"abcdc8e43b54fea5"}]}},{"op":"add","path":"/entities/abcdddcc601f6b33","value":{"parent":"594561be5ddfb63","name":"Prof_Class_Guard_Light","template":"[modules:/zkeywordentity.class].pc_entitytype","blueprint":"[modules:/zkeywordentity.class].pc_entityblueprint","properties":{"m_sKeyword":{"type":"ZString","value":"PROF_CLASS_GUARD_LIGHT"}},"postInitProperties":{},"editorOnly":false,"platformSpecificPropertyValues":[],"events":[],"inputCopying":[],"outputCopying":[]}},{"op":"add","path":"/entities/abcd00d52d0d19ea","value":{"parent":"594561be5ddfb63","name":"Prof_Class_Guard_Heavy","template":"[modules:/zkeywordentity.class].pc_entitytype","blueprint":"[modules:/zkeywordentity.class].pc_entityblueprint","properties":{"m_sKeyword":{"type":"ZString","value":"PROF_CLASS_GUARD_HEAVY"}},"postInitProperties":{},"editorOnly":false,"platformSpecificPropertyValues":[],"events":[],"inputCopying":[],"outputCopying":[]}},{"op":"add","path":"/entities/abcdde9f6d692181","value":{"parent":"594561be5ddfb63","name":"ActorKeywordCondition_NPCGuardHeavyWasShot","template":"[modules:/zactorkeywordcondition.class].pc_entitytype","blueprint":"[modules:/zactorkeywordcondition.class].pc_entityblueprint","properties":{"m_bUseInventory":{"type":"bool","value":false},"m_bUseItems":{"type":"bool","value":false},"m_bSubscribeToKeywordChanges":{"type":"bool","value":false},"m_rActor":{"type":"SEntityTemplateReference","value":"594561be5ddfb63"}},"postInitProperties":{"m_rRequirements":{"type":"SEntityTemplateReference","value":"abcd85794c2234e4"}},"editorOnly":false,"platformSpecificPropertyValues":[],"events":[{"onEvent":"OnFalse","shouldTrigger":"In","onEntity":"abcdc8e43b54fea5"},{"onEvent":"OnTrue","shouldTrigger":"In","onEntity":"abcd67ee15f9b944"}]}},{"op":"add","path":"/entities/abcd3a1f1ed3bdd4","value":{"parent":"594561be5ddfb63","name":"ActorKeywordCondition_NPCCivilianWasShot","template":"[modules:/zactorkeywordcondition.class].pc_entitytype","blueprint":"[modules:/zactorkeywordcondition.class].pc_entityblueprint","properties":{"m_bUseInventory":{"type":"bool","value":false},"m_bUseItems":{"type":"bool","value":false},"m_bSubscribeToKeywordChanges":{"type":"bool","value":false},"m_rActor":{"type":"SEntityTemplateReference","value":"594561be5ddfb63"}},"postInitProperties":{"m_rRequirements":{"type":"SEntityTemplateReference","value":"abcd85794c2234e4"}},"editorOnly":false,"platformSpecificPropertyValues":[],"events":[{"onEvent":"OnFalse","shouldTrigger":"In","onEntity":"abcd7727f462a657"},{"onEvent":"OnTrue","shouldTrigger":"In","onEntity":"abcd7b3266862a78"}]}},{"op":"add","path":"/entities/abcdc8e43b54fea5","value":{"parent":"594561be5ddfb63","name":"TimerSimple_NPCGuardHeavy","template":"[assembly:/_pro/design/logic.template?/timersimple.entitytemplate].pc_entitytype","blueprint":"[assembly:/_pro/design/logic.template?/timersimple.entitytemplate].pc_entityblueprint","properties":{"Delay time (ms)":{"type":"int32","value":2000}},"postInitProperties":{},"editorOnly":false,"platformSpecificPropertyValues":[],"events":[{"onEvent":"Out","shouldTrigger":"Get","onEntity":"abcdde9f6d692181"}]}},{"op":"add","path":"/entities/abcd7727f462a657","value":{"parent":"594561be5ddfb63","name":"TimerSimple_NPCCivilian","template":"[assembly:/_pro/design/logic.template?/timersimple.entitytemplate].pc_entitytype","blueprint":"[assembly:/_pro/design/logic.template?/timersimple.entitytemplate].pc_entityblueprint","properties":{"Delay time (ms)":{"type":"int32","value":2000}},"postInitProperties":{},"editorOnly":false,"platformSpecificPropertyValues":[],"events":[{"onEvent":"Out","shouldTrigger":"Get","onEntity":"abcd3a1f1ed3bdd4"}]}},{"op":"add","path":"/entities/abcd85794c2234e4","value":{"parent":"594561be5ddfb63","name":"Keyword_WOUNDED","template":"[modules:/zkeywordentity.class].pc_entitytype","blueprint":"[modules:/zkeywordentity.class].pc_entityblueprint","properties":{"m_sKeyword":{"type":"ZString","value":"WOUNDED"}},"postInitProperties":{},"editorOnly":false,"platformSpecificPropertyValues":[],"events":[],"inputCopying":[],"outputCopying":[]}},{"op":"add","path":"/entities/abcd7b3266862a78","value":{"parent":"594561be5ddfb63","name":"TimerSimple_NPCCivilian_Limping","template":"[assembly:/_pro/design/logic.template?/timersimple.entitytemplate].pc_entitytype","blueprint":"[assembly:/_pro/design/logic.template?/timersimple.entitytemplate].pc_entityblueprint","properties":{"Delay time (ms)":{"type":"int32","value":2000}},"postInitProperties":{},"editorOnly":false,"platformSpecificPropertyValues":[],"events":[{"onEvent":"Out","shouldTrigger":"In","onEntity":"abcd7b3266862a78"},{"onEvent":"Out","shouldTrigger":"Set","onEntity":"abcd59db9efe207c"}]}},{"op":"add","path":"/entities/abcd67ee15f9b944","value":{"parent":"594561be5ddfb63","name":"TimerSimple_NPCGuardHeavy_Limping","template":"[assembly:/_pro/design/logic.template?/timersimple.entitytemplate].pc_entitytype","blueprint":"[assembly:/_pro/design/logic.template?/timersimple.entitytemplate].pc_entityblueprint","properties":{"Delay time (ms)":{"type":"int32","value":2000}},"postInitProperties":{},"editorOnly":false,"platformSpecificPropertyValues":[],"events":[{"onEvent":"Out","shouldTrigger":"In","onEntity":"abcd67ee15f9b944"},{"onEvent":"Out","shouldTrigger":"Set","onEntity":"abcdc5a778f9916e"}]}},{"op":"add","path":"/entities/abcdec3b968dfdd7","value":{"parent":"594561be5ddfb63","name":"TimerSimple_NPCGuardLight_Limping","template":"[assembly:/_pro/design/logic.template?/timersimple.entitytemplate].pc_entitytype","blueprint":"[assembly:/_pro/design/logic.template?/timersimple.entitytemplate].pc_entityblueprint","properties":{"Delay time (ms)":{"type":"int32","value":2000}},"postInitProperties":{},"editorOnly":false,"platformSpecificPropertyValues":[],"events":[{"onEvent":"Out","shouldTrigger":"In","onEntity":"abcdec3b968dfdd7"},{"onEvent":"Out","shouldTrigger":"Set","onEntity":"abcd0cf27c794ff0"}]}},{"op":"add","path":"/entities/abcdc5a778f9916e","value":{"parent":"594561be5ddfb63","name":"VRI_Guard_Limping_SMG","template":"[assembly:/_pro/design/actor/animvariation.template?/vri_guard_limping_smg.entitytemplate].pc_entitytype","blueprint":"[assembly:/_pro/design/actor/animvariation.template?/vri_guard_limping_smg.entitytemplate].pc_entityblueprint","properties":{"m_rActor":{"type":"SEntityTemplateReference","value":"594561be5ddfb63"}},"postInitProperties":{},"editorOnly":false,"platformSpecificPropertyValues":[]}}],"patchVersion":4}