{
	"hash_value": "00EB4ED49FCDFF5D",
	"hash_offset": 28250980,
	"hash_size": 2147483648,
	"hash_resource_type": "ASEB",
	"hash_reference_table_size": 31,
	"hash_reference_table_dummy": 0,
	"hash_size_final": 12,
	"hash_size_in_memory": 4294967295,
	"hash_size_in_video_memory": 4294967295,
	"hash_reference_data": [
		{
			"hash": "[assembly:/ui/controls/SimpleKeyEventHelper.swf?/common.BaseControl.uic].pc_entityblueprint",
			"flag": "1F"
		},
		{
			"hash": "[modules:/zuicontrollayoutlegacyaspect.class].pc_entityblueprint",
			"flag": "1F"
		}
	]
}
